keyword,volume,kd,priority,notes
budget advice for young adults,210,47,Quick Win,Best opportunity - write next
financial management for teens,70,32,Quick Win,Low competition
money management for teens,720,67,Authority Builder,Matches book title
teens and money management,720,67,Authority Builder,Same intent as above
money management young adults,260,80,Authority Builder,Worth the effort
teaching young adults how to budget,10,0,Long-tail Gold,Zero competition
money management for youth,50,4,Long-tail Gold,Easy win
youth and money management,50,4,Long-tail Gold,Easy win
teaching money management to young adults,10,7,Long-tail Gold,Easy win
teaching teens how to budget,10,43,Long-tail Gold,Moderate difficulty
teaching teens to budget,70,85,Skip,Not worth effort
teaching teens about budgeting,70,85,Skip,Not worth effort
money management for young people,20,71,Skip,Not worth effort
money management for young adults pdf,110,78,Skip,PDF intent - freebie seekers
